dipole_index,R,X,optim_time_s
0,0.0,-42.92460916756781,1.265557050704956
1,77.0463876405625,-42.92091683291894,1.265557050704956
