Dipole,P_V_oc(uW),P_Vin_oc(uW),P_in(uW),P_L(uW)
0,[387023.43601861],[0.00544518],[198686.602427],[188336.83903679]
1,[0.],[58.66693104],[30.11789973],[28.54903131]
