ant_id,ZL_opt_real,ZL_opt_imag,best_score,elapsed_time_s
0,0.0,-42.91428227777861,[190.07115089],0.0010135173797607422
1,77.03212599128003,-42.89941403229543,[190.07115089],0.0010135173797607422
