Dipole,P_V_oc(uW),P_Vin_oc(uW),P_in(uW),P_L(uW)
0,[998186.4407541],[-7.74374437],[998178.69700973],[-4.89759718e-17]
1,[0.],[380.14563759],[190.07447759],[190.07116]
